time,tavg,prcp,wspd,wdir,pres
2020-01-01,4.7,0.0,10.8,293.0,1035.1
2020-01-02,1.3,0.0,4.9,142.0,1032.2
2020-01-03,-0.7,0.0,6.3,168.0,1027.9
2020-01-04,5.8,3.2,20.9,273.0,1023.7
2020-01-05,3.5,0.0,20.1,306.0,1032.2
2020-01-06,1.4,0.0,5.7,170.0,1033.0
2020-01-07,0.7,0.0,6.1,108.0,1029.1
2020-01-08,5.1,0.3,6.5,185.0,1031.2
2020-01-09,3.1,0.0,7.6,145.0,1025.9
2020-01-10,1.4,0.1,7.0,156.0,1023.2
2020-01-11,5.8,0.0,12.4,301.0,1031.0
2020-01-12,3.0,0.0,6.1,168.0,1029.9
2020-01-13,2.2,0.0,7.6,150.0,1026.3
2020-01-14,-0.1,0.0,10.7,138.0,1024.7
2020-01-15,0.6,0.0,12.1,141.0,1026.4
2020-01-16,1.4,0.0,4.8,128.0,1032.5
2020-01-17,0.5,0.0,14.1,133.0,1028.0
2020-01-18,0.2,4.6,7.9,169.0,1027.1
2020-01-19,3.4,6.7,13.4,302.0,1032.2
2020-01-20,3.3,0.0,10.8,303.0,1045.3
2020-01-21,0.5,0.0,4.6,120.0,1043.9
2020-01-22,1.4,0.0,9.3,283.0,1034.7
2020-01-23,2.8,0.0,8.8,127.0,1034.6
2020-01-24,0.1,0.0,7.7,146.0,1027.1
2020-01-25,-0.1,0.0,5.9,156.0,1025.0
2020-01-26,-0.4,0.0,6.2,150.0,1023.4
2020-01-27,0.7,0.0,6.2,139.0,1018.9
2020-01-28,2.0,1.8,8.6,160.0,1006.1
2020-01-29,5.0,2.0,17.8,261.0,1008.7
2020-01-30,6.5,0.3,14.3,248.0,1015.9
2020-01-31,10.5,0.0,16.8,252.0,1010.5
2020-02-01,14.0,2.8,10.8,217.0,1010.9
2020-02-02,12.7,10.0,22.1,263.0,1011.6
2020-02-03,10.2,7.4,27.2,265.0,1012.7
2020-02-04,7.6,1.3,23.6,268.0,1005.1
2020-02-05,3.9,0.0,26.2,313.0,1020.6
2020-02-06,3.7,0.0,17.6,292.0,1030.0
2020-02-07,4.9,0.0,15.4,291.0,1029.3
2020-02-08,3.7,0.0,10.4,129.0,1029.1
2020-02-09,2.8,0.0,8.2,132.0,1024.6
2020-02-10,7.6,15.1,16.2,236.0,1005.8
2020-02-11,7.3,4.4,24.2,255.0,1006.2
2020-02-12,6.0,1.4,24.5,267.0,1016.2
2020-02-13,6.3,0.0,14.0,190.0,1017.1
2020-02-14,8.2,1.6,16.7,272.0,1016.5
2020-02-15,8.3,0.0,10.4,182.0,1027.4
2020-02-16,7.7,0.0,12.4,139.0,1023.2
2020-02-17,8.9,0.2,6.0,133.0,1019.2
2020-02-18,10.0,0.0,17.0,277.0,1024.4
2020-02-19,7.5,2.7,13.3,240.0,1021.6
2020-02-20,6.9,0.1,13.7,263.0,1023.4
2020-02-21,6.9,2.9,18.5,271.0,1023.9
2020-02-22,8.6,0.0,9.0,207.0,1027.4
2020-02-23,13.7,1.5,24.7,257.0,1017.4
2020-02-24,10.2,0.0,20.1,269.0,1018.6
2020-02-25,11.1,0.4,10.6,231.0,1005.4
2020-02-26,8.4,0.0,18.4,264.0,999.5
2020-02-27,5.7,0.6,18.7,249.0,1004.7
2020-02-28,5.3,0.0,21.1,282.0,1010.8
2020-02-29,6.0,0.0,10.2,157.0,1009.8
2020-03-01,8.4,9.3,7.6,156.0,1004.6
2020-03-02,10.7,1.8,15.8,193.0,997.3
2020-03-03,8.7,0.7,17.1,243.0,1000.1
2020-03-04,7.2,0.2,15.9,288.0,1012.3
2020-03-05,7.2,3.8,15.3,162.0,1007.1
2020-03-06,8.0,1.8,10.6,180.0,998.9
2020-03-07,7.8,0.0,18.9,279.0,1012.8
2020-03-08,7.1,0.0,10.6,287.0,1021.2
2020-03-09,6.8,0.4,7.6,194.0,1014.8
2020-03-10,9.7,1.0,15.0,268.0,1015.7
2020-03-11,14.1,0.0,20.2,258.0,1013.6
2020-03-12,16.6,0.6,12.0,240.0,1014.1
2020-03-13,10.9,0.0,16.4,288.0,1016.8
2020-03-14,7.8,0.0,11.0,323.0,1022.8
2020-03-15,5.1,0.0,13.7,112.0,1027.4
2020-03-16,8.5,0.0,16.1,140.0,1024.3
2020-03-17,9.9,0.0,6.0,284.0,1028.9
2020-03-18,14.2,0.0,6.9,284.0,1028.9
2020-03-19,13.9,0.0,4.8,97.0,1024.7
2020-03-20,14.5,1.1,6.1,65.0,1020.0
2020-03-21,7.3,0.2,15.8,335.0,1021.3
2020-03-22,2.2,0.1,16.9,339.0,1030.6
2020-03-23,1.2,0.0,18.2,338.0,1034.0
2020-03-24,2.4,0.0,13.5,335.0,1032.3
2020-03-25,1.9,0.0,9.0,72.0,1030.2
2020-03-26,5.7,0.0,7.6,113.0,1024.9
2020-03-27,10.4,0.0,6.9,136.0,1020.7
2020-03-28,12.6,0.0,6.6,300.0,1015.1
2020-03-29,11.1,0.0,17.5,308.0,1015.1
2020-03-30,4.2,0.0,18.3,328.0,1023.7
2020-03-31,3.1,0.0,7.6,309.0,1026.3
2020-04-01,3.9,0.0,6.9,10.0,1023.5
2020-04-02,6.5,0.0,6.9,147.0,1014.5
2020-04-03,9.5,0.0,9.9,273.0,1013.8
2020-04-04,10.8,0.0,6.8,347.0,1023.9
2020-04-05,11.5,0.0,8.0,88.0,1028.8
2020-04-06,13.8,0.0,16.3,137.0,1028.5
2020-04-07,14.5,0.0,14.7,146.0,1030.9
2020-04-08,15.2,0.0,11.9,133.0,1027.9
2020-04-09,16.4,0.0,6.8,300.0,1021.9
2020-04-10,16.8,0.0,8.1,330.0,1023.5
2020-04-11,15.5,0.0,6.3,52.0,1023.5
2020-04-12,16.3,0.1,6.6,141.0,1019.0
2020-04-13,17.0,5.8,12.1,268.0,1011.2
2020-04-14,7.4,0.0,18.8,314.0,1019.9
2020-04-15,10.2,0.0,10.4,271.0,1024.4
2020-04-16,15.2,0.0,6.2,152.0,1018.6
2020-04-17,19.8,0.0,10.5,293.0,1014.2
2020-04-18,17.9,0.7,6.1,357.0,1015.1
2020-04-19,14.3,0.5,9.7,317.0,1015.7
2020-04-20,11.9,0.0,9.7,57.0,1020.7
2020-04-21,12.4,0.0,9.4,94.0,1021.0
2020-04-22,13.4,0.0,7.9,98.0,1022.3
2020-04-23,14.8,0.0,6.9,137.0,1020.9
2020-04-24,16.8,0.0,9.3,232.0,1011.9
2020-04-25,16.9,0.0,16.9,295.0,1007.1
2020-04-26,13.3,0.0,7.0,13.0,1011.7
2020-04-27,15.4,0.0,7.2,128.0,1010.9
2020-04-28,18.3,0.0,8.9,133.0,1006.7
2020-04-29,15.8,0.0,17.2,270.0,1005.7
2020-04-30,17.7,1.7,13.3,239.0,1007.7
2020-05-01,16.3,1.6,14.4,253.0,1005.9
2020-05-02,15.1,0.0,17.5,274.0,1008.3
2020-05-03,13.0,0.0,18.4,292.0,1015.6
2020-05-04,14.8,0.9,7.0,180.0,1017.5
2020-05-05,13.2,0.7,13.7,296.0,1015.5
2020-05-06,11.1,0.0,19.0,304.0,1019.9
2020-05-07,15.5,0.0,17.7,299.0,1020.5
2020-05-08,17.1,0.0,7.3,112.0,1019.0
2020-05-09,19.8,0.0,7.3,117.0,1013.4
2020-05-10,20.7,0.3,8.6,139.0,1007.2
2020-05-11,18.6,8.0,14.0,154.0,1000.0
2020-05-12,9.4,0.0,17.2,325.0,1014.8
2020-05-13,12.2,0.3,12.0,110.0,1011.7
2020-05-14,12.5,10.5,13.8,328.0,1012.3
2020-05-15,10.1,4.9,11.3,341.0,1015.8
2020-05-16,13.9,0.0,9.6,174.0,1022.0
2020-05-17,16.6,0.0,7.0,324.0,1020.3
2020-05-18,19.2,0.0,5.8,89.0,1021.7
2020-05-19,21.4,0.0,7.0,292.0,1018.0
2020-05-20,19.2,0.0,14.7,330.0,1018.0
2020-05-21,17.1,0.0,10.4,352.0,1021.3
2020-05-22,16.6,3.7,5.6,81.0,1023.8
2020-05-23,17.7,21.0,11.2,155.0,1021.4
2020-05-24,14.6,5.3,21.0,284.0,1026.4
2020-05-25,13.3,5.4,15.5,283.0,1027.0
2020-05-26,13.3,10.2,16.3,307.0,1030.2
2020-05-27,15.7,0.0,13.8,308.0,1030.9
2020-05-28,14.7,0.3,12.8,294.0,1026.0
2020-05-29,14.2,4.9,15.1,307.0,1024.0
2020-05-30,13.8,0.0,12.1,307.0,1020.2
2020-05-31,12.2,5.3,19.1,287.0,1017.8
2020-06-01,17.2,0.0,16.1,308.0,1018.3
2020-06-02,17.7,3.7,14.4,306.0,1015.1
2020-06-03,18.1,2.6,10.5,270.0,1006.7
2020-06-04,18.5,9.3,10.0,148.0,998.3
2020-06-05,16.7,1.9,12.4,242.0,999.1
2020-06-06,19.8,0.0,13.3,169.0,1005.7
2020-06-07,20.8,2.6,11.7,193.0,1005.5
2020-06-08,15.4,0.0,16.4,293.0,1012.0
2020-06-09,17.2,0.9,10.1,316.0,1011.7
2020-06-10,16.2,6.0,10.1,299.0,1010.2
2020-06-11,18.8,0.0,7.8,157.0,1009.1
2020-06-12,21.8,0.0,6.7,318.0,1008.8
2020-06-13,24.4,0.0,6.3,117.0,1008.5
2020-06-14,20.9,8.4,16.3,268.0,1008.7
2020-06-15,18.2,0.0,19.3,276.0,1012.2
2020-06-16,19.7,0.1,14.5,304.0,1012.9
2020-06-17,20.3,0.0,13.9,301.0,1009.7
2020-06-18,19.0,0.4,20.8,273.0,1009.7
2020-06-19,19.3,0.3,17.1,280.0,1012.9
2020-06-20,16.3,36.2,22.4,280.0,1015.7
2020-06-21,16.0,12.8,22.1,289.0,1015.6
2020-06-22,21.0,0.0,19.8,301.0,1017.5
2020-06-23,21.8,0.0,18.0,320.0,1021.0
2020-06-24,19.1,0.6,10.7,319.0,1022.2
2020-06-25,19.0,0.8,9.7,162.0,1021.2
2020-06-26,21.3,3.6,11.3,147.0,1016.2
2020-06-27,24.8,0.0,7.7,169.0,1013.6
2020-06-28,27.0,0.0,8.6,232.0,1014.0
2020-06-29,21.1,4.0,13.0,270.0,1012.6
2020-06-30,22.6,0.0,8.7,230.0,1012.8
2020-07-01,25.2,3.4,9.0,168.0,1011.0
2020-07-02,24.4,0.0,11.3,266.0,1010.6
2020-07-03,21.5,0.5,15.4,287.0,1014.7
2020-07-04,22.9,0.0,8.6,290.0,1018.0
2020-07-05,25.1,0.0,12.6,259.0,1015.8
2020-07-06,24.3,0.4,14.9,268.0,1012.1
2020-07-07,18.6,0.0,14.9,297.0,1018.1
2020-07-08,20.8,0.0,7.4,232.0,1016.8
2020-07-09,22.6,0.0,7.2,171.0,1017.0
2020-07-10,27.2,0.0,10.9,169.0,1012.6
2020-07-11,18.9,7.2,15.8,306.0,1018.7
2020-07-12,18.2,0.0,12.3,319.0,1024.6
2020-07-13,19.2,0.0,6.3,8.0,1023.2
2020-07-14,20.0,0.0,8.8,121.0,1017.3
2020-07-15,21.5,0.4,8.6,179.0,1012.6
2020-07-16,19.1,2.9,15.5,279.0,1014.8
2020-07-17,17.1,6.0,13.6,297.0,1017.1
2020-07-18,16.2,9.3,14.5,288.0,1016.6
2020-07-19,19.7,0.2,10.7,282.0,1015.8
2020-07-20,23.4,0.0,8.6,259.0,1015.6
2020-07-21,23.3,1.5,7.9,307.0,1018.5
2020-07-22,22.8,0.0,7.3,325.0,1019.2
2020-07-23,23.2,0.0,7.1,288.0,1014.8
2020-07-24,21.9,5.6,7.6,208.0,1011.8
2020-07-25,22.5,0.0,13.3,282.0,1012.3
2020-07-26,23.0,0.0,8.9,218.0,1013.5
2020-07-27,24.6,0.0,8.7,273.0,1016.7
2020-07-28,27.6,39.9,8.2,187.0,1012.6
2020-07-29,24.4,0.0,13.1,261.0,1016.8
2020-07-30,26.0,0.0,6.8,312.0,1018.3
2020-07-31,26.3,0.0,8.5,300.0,1015.8
2020-08-01,25.8,0.0,6.3,23.0,1015.0
2020-08-02,24.5,3.2,8.6,142.0,1012.8
2020-08-03,21.1,12.9,8.7,222.0,1008.9
2020-08-04,17.6,0.8,14.7,306.0,1008.9
2020-08-05,16.9,0.4,17.2,301.0,1017.9
2020-08-06,21.6,0.0,12.0,307.0,1019.4
2020-08-07,25.6,0.0,7.6,321.0,1020.1
2020-08-08,26.7,0.0,7.1,295.0,1019.2
2020-08-09,27.1,0.0,8.1,296.0,1017.0
2020-08-10,27.1,0.0,6.2,43.0,1015.2
2020-08-11,25.4,0.0,6.8,125.0,1016.7
2020-08-12,25.7,0.0,7.0,144.0,1017.3
2020-08-13,26.0,40.1,9.7,146.0,1014.4
2020-08-14,23.7,0.0,9.9,266.0,1013.1
2020-08-15,22.4,4.3,10.7,276.0,1013.3
2020-08-16,22.4,0.2,7.9,199.0,1013.1
2020-08-17,22.0,0.0,7.5,148.0,1011.1
2020-08-18,21.4,0.2,14.8,271.0,1010.4
2020-08-19,21.9,0.0,16.0,279.0,1010.5
2020-08-20,23.4,0.0,5.6,149.0,1012.7
2020-08-21,25.8,0.0,10.9,130.0,1014.4
2020-08-22,25.3,11.0,9.9,148.0,1014.4
2020-08-23,22.5,0.0,15.6,288.0,1016.4
2020-08-24,21.8,0.0,10.9,276.0,1016.2
2020-08-25,21.7,0.0,10.7,268.0,1014.9
2020-08-26,23.3,0.0,11.9,221.0,1011.3
2020-08-27,22.3,0.0,14.7,277.0,1015.1
2020-08-28,22.4,0.0,12.8,148.0,1008.9
2020-08-29,22.4,4.2,9.8,215.0,1005.8
2020-08-30,22.2,3.6,13.8,212.0,1004.9
2020-08-31,18.0,17.6,19.0,282.0,1014.4
2020-09-01,15.1,11.1,19.5,306.0,1012.2
2020-09-02,16.5,0.0,9.8,278.0,1017.4
2020-09-03,18.6,0.0,8.1,264.0,1021.9
2020-09-04,20.1,0.0,8.0,228.0,1024.1
2020-09-05,22.1,2.5,7.3,160.0,1017.6
2020-09-06,19.2,14.8,9.4,301.0,1016.8
2020-09-07,17.1,0.0,12.2,312.0,1021.6
2020-09-08,18.3,0.0,5.6,172.0,1027.3
2020-09-09,19.6,0.0,7.7,165.0,1023.6
2020-09-10,21.2,0.0,10.6,296.0,1019.1
2020-09-11,20.4,0.0,6.4,31.0,1017.8
2020-09-12,22.0,0.0,6.2,128.0,1019.3
2020-09-13,23.4,0.0,6.3,287.0,1025.2
2020-09-14,22.7,0.0,6.7,160.0,1027.9
2020-09-15,23.4,0.0,9.0,147.0,1023.8
2020-09-16,24.0,0.0,9.2,162.0,1018.3
2020-09-17,21.3,0.0,13.8,304.0,1020.2
2020-09-18,15.7,0.0,10.3,329.0,1026.7
2020-09-19,16.5,0.0,11.7,115.0,1022.6
2020-09-20,17.7,0.0,11.0,122.0,1017.6
2020-09-21,19.0,0.0,11.0,124.0,1016.8
2020-09-22,21.0,0.0,14.1,137.0,1013.8
2020-09-23,19.4,0.8,8.0,186.0,1008.7
2020-09-24,20.8,3.8,8.3,209.0,1008.5
2020-09-25,16.3,27.9,14.1,214.0,999.7
2020-09-26,9.5,0.1,23.7,273.0,998.1
2020-09-27,12.9,8.2,11.6,208.0,1006.4
2020-09-28,11.2,2.9,9.4,337.0,1010.0
2020-09-29,12.6,2.2,17.5,279.0,1015.5
2020-09-30,14.0,0.2,19.1,291.0,1014.6
2020-10-01,15.2,0.0,11.5,292.0,1007.1
2020-10-02,15.3,0.0,13.1,158.0,1002.4
2020-10-03,20.1,5.2,21.8,149.0,998.1
2020-10-04,18.4,0.0,14.3,185.0,1001.0
2020-10-05,15.4,0.1,13.1,194.0,1007.4
2020-10-06,14.8,0.3,5.9,181.0,1011.3
2020-10-07,14.1,0.0,14.6,270.0,1012.2
2020-10-08,14.3,0.0,15.7,282.0,1021.3
2020-10-09,16.1,0.0,7.7,218.0,1021.0
2020-10-10,15.4,1.9,8.6,237.0,1018.6
2020-10-11,10.6,31.6,15.9,299.0,1019.3
2020-10-12,8.2,3.2,19.5,307.0,1016.8
2020-10-13,7.9,44.8,22.7,306.0,1010.4
2020-10-14,7.9,7.0,25.1,263.0,1006.4
2020-10-15,10.2,6.5,11.0,279.0,1012.7
2020-10-16,8.4,14.0,15.1,314.0,1013.9
2020-10-17,8.5,0.1,15.8,300.0,1016.2
2020-10-18,10.2,0.3,12.4,275.0,1021.2
2020-10-19,9.8,0.0,7.2,168.0,1025.3
2020-10-20,10.9,0.0,14.7,132.0,1021.9
2020-10-21,10.4,0.0,7.2,126.0,1017.2
2020-10-22,11.1,0.0,5.1,86.0,1020.0
2020-10-23,10.5,0.9,4.7,141.0,1017.7
2020-10-24,13.3,1.7,8.6,251.0,1016.7
2020-10-25,11.9,0.0,7.2,97.0,1014.2
2020-10-26,13.5,0.1,12.1,163.0,1006.0
2020-10-27,9.9,0.5,11.3,274.0,1013.0
2020-10-28,11.2,0.1,5.9,215.0,1016.9
2020-10-29,11.1,2.5,12.5,249.0,1019.2
2020-10-30,11.7,9.0,15.2,255.0,1022.1
2020-10-31,14.1,0.0,16.8,273.0,1023.1
2020-11-01,12.0,12.1,6.1,164.0,1021.2
2020-11-02,15.7,0.0,7.6,215.0,1018.5
2020-11-03,17.0,0.0,5.4,310.0,1021.0
2020-11-04,12.6,0.0,16.6,305.0,1027.9
2020-11-05,9.8,0.0,13.7,317.0,1035.8
2020-11-06,7.5,0.0,6.1,303.0,1035.8
2020-11-07,7.6,0.0,8.7,142.0,1031.1
2020-11-08,6.5,0.2,4.4,144.0,1027.9
2020-11-09,6.6,0.1,5.5,135.0,1028.6
2020-11-10,6.9,0.1,6.5,127.0,1030.1
2020-11-11,7.3,0.0,10.0,139.0,1029.5
2020-11-12,7.3,0.0,8.9,161.0,1025.7
2020-11-13,7.2,0.0,6.5,141.0,1025.2
2020-11-14,6.7,0.0,6.9,143.0,1025.5
2020-11-15,7.3,0.1,13.3,138.0,1021.6
2020-11-16,9.2,0.1,10.1,239.0,1018.9
2020-11-17,11.2,0.0,11.3,271.0,1028.2
2020-11-18,9.4,0.0,7.8,159.0,1029.6
2020-11-19,7.6,3.7,11.2,171.0,1024.1
2020-11-20,7.2,0.0,17.0,309.0,1029.3
2020-11-21,3.9,0.0,8.2,328.0,1036.6
2020-11-22,2.6,0.0,4.8,162.0,1030.9
2020-11-23,5.0,0.0,7.3,234.0,1029.1
2020-11-24,3.8,0.0,8.9,118.0,1030.5
2020-11-25,2.0,0.0,12.4,138.0,1026.0
2020-11-26,1.6,0.0,5.8,159.0,1026.5
2020-11-27,1.7,0.1,5.4,164.0,1025.2
2020-11-28,2.2,0.0,6.9,278.0,1023.4
2020-11-29,3.5,0.0,11.1,294.0,1024.0
2020-11-30,3.8,0.0,8.9,289.0,1026.6
2020-12-01,0.5,0.0,11.9,134.0,1021.9
2020-12-02,-0.4,2.3,15.2,130.0,1021.3
2020-12-03,0.1,2.9,11.4,135.0,1012.2
2020-12-04,2.6,0.0,22.4,139.0,1001.9
2020-12-05,6.1,0.0,19.7,146.0,1006.0
2020-12-06,8.5,0.1,18.0,128.0,1006.7
2020-12-07,7.5,0.2,17.7,132.0,1005.1
2020-12-08,5.3,0.3,18.3,136.0,1009.0
2020-12-09,5.1,2.6,11.7,150.0,1010.0
2020-12-10,3.2,4.3,9.9,285.0,1007.8
2020-12-11,3.1,0.0,13.7,131.0,1005.9
2020-12-12,3.9,0.0,13.3,145.0,1003.4
2020-12-13,4.3,0.0,6.2,281.0,1012.9
2020-12-14,5.5,0.0,8.4,113.0,1019.1
2020-12-15,3.6,0.0,16.8,139.0,1019.3
2020-12-16,3.4,0.1,8.3,136.0,1023.9
2020-12-17,3.4,0.0,5.4,162.0,1026.9
2020-12-18,3.4,0.2,5.9,145.0,1029.7
2020-12-19,2.9,0.3,13.0,135.0,1026.8
2020-12-20,3.3,0.1,12.4,137.0,1026.7
2020-12-21,3.5,0.0,7.2,164.0,1027.9
2020-12-22,5.3,3.1,8.9,186.0,1021.7
2020-12-23,12.3,0.2,8.6,222.0,1016.9
2020-12-24,9.7,2.9,10.7,251.0,1011.0
2020-12-25,5.6,1.6,12.4,304.0,1014.7
2020-12-26,2.1,0.0,14.9,295.0,1024.1
2020-12-27,0.2,0.0,18.6,155.0,1012.3
2020-12-28,2.8,1.8,21.6,145.0,989.9
2020-12-29,5.8,0.0,7.5,221.0,994.5
2020-12-30,4.8,0.2,6.2,278.0,1004.9
2020-12-31,4.3,0.0,7.2,326.0,1010.0
2021-01-01,-0.6,0.0,5.4,101.0,1011.2
2021-01-02,2.5,0.7,7.2,113.0,1013.4
2021-01-03,4.8,0.1,10.6,122.0,1011.3
2021-01-04,3.6,1.3,5.6,299.0,1013.8
2021-01-05,4.3,6.0,7.0,298.0,1011.9
2021-01-06,3.0,3.4,6.8,169.0,1011.1
2021-01-07,3.2,0.0,12.1,261.0,1014.7
2021-01-08,2.1,0.0,6.8,250.0,1016.7
2021-01-09,2.4,0.1,9.4,272.0,1021.3
2021-01-10,0.4,0.0,6.8,313.0,1024.9
2021-01-11,-0.4,0.0,9.2,287.0,1023.5
2021-01-12,-0.6,2.0,9.2,212.0,1014.9
2021-01-13,3.2,0.3,22.5,272.0,1012.8
2021-01-14,2.2,0.4,20.7,290.0,1012.1
2021-01-15,1.1,1.1,15.4,302.0,1020.3
2021-01-16,-1.4,2.4,17.9,312.0,1023.0
2021-01-17,-1.8,0.0,13.8,312.0,1019.8
2021-01-18,-1.1,0.8,8.5,269.0,1023.6
2021-01-19,4.5,2.6,15.8,243.0,1018.8
2021-01-20,6.5,0.0,7.9,169.0,1013.1
2021-01-21,2.7,0.0,5.1,299.0,1008.5
2021-01-22,5.9,0.0,6.4,172.0,1000.4
2021-01-23,7.4,0.6,14.4,224.0,997.2
2021-01-24,4.1,0.0,12.4,268.0,999.2
2021-01-25,3.4,0.9,14.7,291.0,1003.4
2021-01-26,2.0,1.3,18.5,280.0,1013.5
2021-01-27,2.4,0.2,14.9,283.0,1016.7
2021-01-28,3.9,10.5,8.1,220.0,1008.9
2021-01-29,6.5,7.7,12.7,267.0,1000.0
2021-01-30,6.9,1.1,21.2,292.0,1000.3
2021-01-31,0.5,0.0,7.8,30.0,1005.6
2021-02-01,0.7,0.2,10.8,119.0,1002.0
2021-02-02,2.9,3.1,8.2,151.0,1008.6
2021-02-03,4.9,0.1,8.1,169.0,1007.5
2021-02-04,11.0,0.0,21.7,272.0,1012.9
2021-02-05,7.0,0.0,5.8,70.0,1016.6
2021-02-06,4.4,2.9,8.4,40.0,1013.3
2021-02-07,2.6,2.2,12.8,54.0,1002.3
2021-02-08,1.2,0.3,10.2,349.0,997.7
2021-02-09,1.2,0.0,6.7,46.0,1003.1
2021-02-10,0.2,2.8,11.6,33.0,1005.7
2021-02-11,-4.3,0.2,24.4,313.0,1022.0
2021-02-12,-4.8,0.0,14.6,324.0,1032.7
2021-02-13,-4.3,0.0,16.1,311.0,1037.6
2021-02-14,-2.0,0.0,15.8,306.0,1040.7
2021-02-15,-1.2,2.5,7.1,42.0,1037.4
2021-02-16,-0.2,0.8,7.1,141.0,1025.9
2021-02-17,5.7,1.5,12.0,255.0,1019.1
2021-02-18,8.5,0.0,8.7,167.0,1021.4
2021-02-19,5.8,0.0,5.5,142.0,1021.5
2021-02-20,4.9,0.0,8.3,108.0,1025.6
2021-02-21,5.4,0.0,14.2,125.0,1025.1
2021-02-22,6.0,0.0,6.5,122.0,1026.3
2021-02-23,7.9,0.0,5.0,333.0,1034.9
2021-02-24,9.5,0.0,4.4,136.0,1036.3
2021-02-25,10.5,0.0,4.2,351.0,1031.5
2021-02-26,11.4,5.7,7.8,280.0,1028.0
2021-02-27,7.5,0.0,17.1,315.0,1034.2
2021-02-28,6.0,0.0,8.9,303.0,1036.5
2021-03-01,5.9,0.0,7.2,330.0,1035.0
2021-03-02,5.9,0.0,5.1,93.0,1035.4
2021-03-03,7.1,0.0,4.8,198.0,1030.5
2021-03-04,10.7,1.0,8.9,263.0,1019.2
2021-03-05,5.7,7.6,15.5,309.0,1020.0
2021-03-06,2.8,0.0,7.9,298.0,1032.6
2021-03-07,3.4,0.0,5.0,113.0,1024.4
2021-03-08,4.0,0.0,10.9,315.0,1020.3
2021-03-09,2.5,0.0,7.6,88.0,1021.2
2021-03-10,3.9,0.0,6.6,289.0,1020.8
2021-03-11,5.4,3.0,10.4,160.0,1014.1
2021-03-12,10.0,0.0,18.1,268.0,1010.9
2021-03-13,10.1,0.0,13.2,204.0,1009.2
2021-03-14,7.6,4.2,17.8,265.0,1008.3
2021-03-15,6.3,0.1,17.8,290.0,1010.6
2021-03-16,5.7,0.5,22.9,298.0,1014.5
2021-03-17,4.8,0.3,18.1,308.0,1018.3
2021-03-18,3.7,0.0,14.0,313.0,1020.1
2021-03-19,2.4,1.2,10.1,293.0,1018.1
2021-03-20,0.5,0.1,12.2,318.0,1024.3
2021-03-21,0.6,0.9,16.4,268.0,1019.0
2021-03-22,4.2,0.1,18.6,315.0,1017.0
2021-03-23,5.5,0.0,16.4,296.0,1023.4
2021-03-24,7.4,0.0,12.8,309.0,1024.6
2021-03-25,9.3,0.0,5.4,216.0,1021.9
2021-03-26,12.1,0.0,9.0,138.0,1021.8
2021-03-27,11.4,0.0,10.9,250.0,1021.8
2021-03-28,10.4,0.0,11.1,292.0,1031.2
2021-03-29,12.7,0.0,6.8,252.0,1032.1
2021-03-30,17.7,0.0,10.4,291.0,1030.5
2021-03-31,17.7,0.0,6.4,160.0,1025.3
2021-04-01,18.9,0.3,11.5,263.0,1016.2
2021-04-02,13.9,0.0,15.1,310.0,1015.4
2021-04-03,7.8,2.0,18.7,310.0,1017.7
2021-04-04,6.7,0.0,13.6,305.0,1021.1
2021-04-05,10.2,1.4,12.4,219.0,1008.4
2021-04-06,3.7,1.2,19.1,293.0,1009.5
2021-04-07,3.3,5.5,18.8,276.0,1013.3
2021-04-08,4.9,0.4,21.1,272.0,1022.6
2021-04-09,8.9,0.0,10.4,165.0,1022.1
2021-04-10,13.0,0.0,9.2,133.0,1016.5
2021-04-11,13.5,0.0,14.8,142.0,1013.5
2021-04-12,9.8,8.1,13.5,289.0,1017.7
2021-04-13,3.7,11.7,22.6,312.0,1026.0
2021-04-14,5.1,0.0,20.3,313.0,1024.5
2021-04-15,5.5,0.0,18.0,304.0,1023.8
2021-04-16,5.9,0.0,15.3,291.0,1022.4
2021-04-17,7.3,0.0,12.0,311.0,1020.7
2021-04-18,7.3,0.1,12.0,302.0,1019.4
2021-04-19,8.5,0.8,13.7,294.0,1017.3
2021-04-20,10.2,0.8,14.3,288.0,1015.1
2021-04-21,13.8,0.0,10.8,259.0,1014.9
2021-04-22,11.8,0.4,12.2,290.0,1017.9
2021-04-23,10.6,0.0,12.3,307.0,1024.7
2021-04-24,11.1,0.0,5.8,130.0,1024.1
2021-04-25,11.4,0.0,11.4,321.0,1020.3
2021-04-26,9.4,0.0,9.2,76.0,1019.1
2021-04-27,9.1,0.0,9.8,101.0,1013.5
2021-04-28,12.3,0.0,18.4,138.0,1008.9
2021-04-29,14.2,1.6,7.9,120.0,1006.3
2021-04-30,16.6,0.2,10.6,233.0,1009.9
2021-05-01,16.6,1.4,10.7,3.0,1009.0
2021-05-02,12.4,0.4,21.7,282.0,1008.1
2021-05-03,11.2,0.0,16.1,281.0,1020.2
2021-05-04,14.6,0.0,11.8,169.0,1012.2
2021-05-05,13.8,0.5,11.5,256.0,1006.1
2021-05-06,11.4,0.0,14.4,210.0,1012.0
2021-05-07,11.8,3.5,16.4,261.0,1010.2
2021-05-08,11.9,0.0,10.9,268.0,1020.9
2021-05-09,16.2,0.0,17.0,135.0,1016.6
2021-05-10,20.7,0.0,17.6,139.0,1011.1
2021-05-11,23.1,0.0,17.6,142.0,1007.7
2021-05-12,16.2,6.1,18.3,256.0,1007.0
2021-05-13,12.6,5.8,23.3,265.0,1003.4
2021-05-14,13.5,1.2,16.2,270.0,1007.4
2021-05-15,14.8,0.9,7.9,179.0,1009.3
2021-05-16,15.3,0.8,14.5,242.0,1006.5
2021-05-17,13.6,7.0,16.8,269.0,1005.6
2021-05-18,14.3,4.0,21.0,276.0,1011.5
2021-05-19,13.0,4.5,16.1,284.0,1013.8
2021-05-20,13.3,11.4,18.2,293.0,1017.6
2021-05-21,16.3,0.4,10.6,198.0,1014.3
2021-05-22,14.4,0.5,12.4,244.0,1011.4
2021-05-23,12.9,7.1,10.6,253.0,1016.4
2021-05-24,13.2,13.7,16.1,154.0,1018.7
2021-05-25,12.9,0.0,16.5,252.0,1017.9
2021-05-26,14.7,0.0,13.3,182.0,1018.4
2021-05-27,14.2,0.2,13.1,277.0,1018.0
2021-05-28,14.7,0.0,15.1,293.0,1020.4
2021-05-29,14.9,0.1,13.7,306.0,1021.2
2021-05-30,13.5,1.3,15.0,309.0,1022.7
2021-05-31,15.1,0.0,12.3,313.0,1021.3
2021-06-01,16.7,0.0,8.4,350.0,1019.1
2021-06-02,18.5,0.0,10.6,145.0,1019.3
2021-06-03,20.2,0.0,8.1,109.0,1022.8
2021-06-04,22.2,0.0,9.3,121.0,1022.2
2021-06-05,23.1,0.0,7.0,14.0,1018.0
2021-06-06,20.7,0.0,13.2,286.0,1018.1
2021-06-07,22.5,0.0,9.1,328.0,1018.3
2021-06-08,23.2,0.0,8.7,307.0,1018.1
2021-06-09,23.7,0.4,10.7,321.0,1018.0
2021-06-10,22.8,0.0,12.1,309.0,1018.4
2021-06-11,21.6,2.4,12.4,290.0,1017.4
2021-06-12,23.1,0.8,15.0,277.0,1016.0
2021-06-13,19.2,0.0,19.0,318.0,1020.7
2021-06-14,18.2,0.0,10.4,329.0,1022.5
2021-06-15,21.7,0.0,5.8,276.0,1018.4
2021-06-16,24.6,0.0,6.6,108.0,1016.6
2021-06-17,26.0,0.0,13.1,138.0,1016.3
2021-06-18,27.1,0.0,14.4,138.0,1015.8
2021-06-19,27.6,0.0,7.1,118.0,1013.9
2021-06-20,28.6,0.0,10.5,133.0,1010.2
2021-06-21,27.8,0.0,8.7,111.0,1006.2
2021-06-22,26.1,0.0,10.0,314.0,1008.8
2021-06-23,25.2,0.0,12.2,340.0,1015.1
2021-06-24,25.6,0.3,9.6,4.0,1014.3
2021-06-25,22.1,3.0,16.3,287.0,1015.9
2021-06-26,22.5,0.0,12.0,306.0,1017.2
2021-06-27,24.2,0.0,6.3,23.0,1016.2
2021-06-28,26.5,0.0,6.6,76.0,1014.6
2021-06-29,26.8,0.0,9.3,6.0,1009.8
2021-06-30,21.0,1.6,19.2,275.0,1011.2
2021-07-01,18.6,0.0,19.8,272.0,1014.0
2021-07-02,18.2,0.1,18.4,279.0,1016.1
2021-07-03,21.5,0.0,14.4,295.0,1015.4
2021-07-04,22.5,0.0,7.6,247.0,1012.0
2021-07-05,23.1,0.0,14.1,268.0,1011.4
2021-07-06,26.7,0.0,12.2,160.0,1011.6
2021-07-07,26.4,0.0,12.2,284.0,1014.0
2021-07-08,27.0,4.8,11.7,177.0,1016.7
2021-07-09,22.5,0.0,17.5,270.0,1017.0
2021-07-10,23.0,0.0,9.8,344.0,1018.4
2021-07-11,22.0,1.8,9.5,310.0,1015.5
2021-07-12,23.3,0.0,11.7,134.0,1013.3
2021-07-13,27.2,13.6,14.5,135.0,1006.7
2021-07-14,23.2,1.7,10.7,215.0,1009.5
2021-07-15,22.0,0.0,11.5,279.0,1012.6
2021-07-16,24.3,15.1,13.3,296.0,1014.5
2021-07-17,22.6,80.8,15.2,299.0,1013.8
2021-07-18,22.1,4.0,15.8,300.0,1013.9
2021-07-19,23.4,0.0,15.9,316.0,1014.9
2021-07-20,20.8,0.0,14.9,311.0,1016.9
2021-07-21,21.4,0.0,10.2,313.0,1020.7
2021-07-22,22.1,0.0,7.5,319.0,1020.6
2021-07-23,23.2,0.0,5.7,239.0,1016.7
2021-07-24,24.9,13.1,13.0,138.0,1012.2
2021-07-25,24.8,0.3,12.0,129.0,1010.2
2021-07-26,24.8,0.0,8.8,163.0,1011.4
2021-07-27,25.6,0.0,11.3,229.0,1013.5
2021-07-28,25.5,2.9,9.6,282.0,1011.9
2021-07-29,24.4,0.0,10.8,267.0,1014.1
2021-07-30,25.8,0.2,6.9,175.0,1010.9
2021-07-31,24.7,15.3,11.0,257.0,1009.3
2021-08-01,20.7,11.8,14.0,221.0,1007.4
2021-08-02,20.2,0.0,16.1,267.0,1013.2
2021-08-03,21.4,0.0,8.4,191.0,1014.9
2021-08-04,20.2,7.1,8.4,230.0,1014.2
2021-08-05,17.8,6.1,15.3,287.0,1007.8
2021-08-06,20.4,1.7,15.1,273.0,1007.5
2021-08-07,23.1,1.1,13.5,166.0,1007.6
2021-08-08,21.1,4.3,13.1,275.0,1013.3
2021-08-09,21.3,0.3,8.6,326.0,1019.6
2021-08-10,24.6,0.0,7.3,186.0,1018.1
2021-08-11,24.6,0.0,9.5,287.0,1018.2
2021-08-12,24.1,0.0,5.9,106.0,1020.8
2021-08-13,26.0,0.0,5.8,107.0,1021.1
2021-08-14,27.9,0.0,8.8,245.0,1019.7
2021-08-15,27.5,0.0,7.8,201.0,1014.6
2021-08-16,24.4,32.6,12.5,266.0,1010.7
2021-08-17,18.1,0.0,17.1,280.0,1016.3
2021-08-18,18.6,0.0,14.4,258.0,1017.0
2021-08-19,20.9,0.0,8.5,247.0,1015.7
2021-08-20,22.0,0.0,6.9,243.0,1016.5
2021-08-21,22.8,0.0,6.3,324.0,1018.8
2021-08-22,22.4,19.5,6.9,214.0,1017.3
2021-08-23,20.1,0.8,15.9,269.0,1017.4
2021-08-24,17.7,0.9,16.0,299.0,1019.1
2021-08-25,17.2,0.0,10.4,310.0,1019.8
2021-08-26,16.6,1.5,14.7,245.0,1011.2
2021-08-27,16.0,0.1,13.7,270.0,1012.9
2021-08-28,16.0,0.0,12.0,256.0,1015.0
2021-08-29,15.9,0.3,16.2,284.0,1014.1
2021-08-30,17.0,0.0,13.5,278.0,1013.5
2021-08-31,16.6,4.5,19.9,274.0,1016.1
2021-09-01,18.0,0.0,19.8,300.0,1021.9
2021-09-02,19.3,0.0,10.6,308.0,1025.0
2021-09-03,18.9,0.0,5.9,152.0,1021.4
2021-09-04,19.5,0.0,5.6,170.0,1017.5
2021-09-05,19.4,0.0,5.5,45.0,1020.8
2021-09-06,18.7,0.0,5.9,84.0,1024.6
2021-09-07,18.9,0.0,6.0,146.0,1024.3
2021-09-08,20.1,0.0,13.1,141.0,1022.1
2021-09-09,20.8,0.0,15.7,148.0,1017.7
2021-09-10,20.8,0.0,9.4,140.0,1016.7
2021-09-11,20.7,0.0,5.9,231.0,1017.2
2021-09-12,21.8,0.0,8.3,268.0,1017.1
2021-09-13,22.1,0.0,6.9,288.0,1016.9
2021-09-14,21.7,0.0,5.5,152.0,1017.2
2021-09-15,22.1,0.0,6.1,145.0,1014.8
2021-09-16,23.1,5.1,11.7,272.0,1013.2
2021-09-17,18.4,0.0,16.9,295.0,1013.1
2021-09-18,17.1,5.8,12.3,278.0,1014.5
2021-09-19,15.6,0.0,8.2,336.0,1014.9
2021-09-20,13.3,0.0,10.0,324.0,1018.7
2021-09-21,13.7,1.2,8.6,308.0,1026.1
2021-09-22,13.3,5.6,15.4,290.0,1024.9
2021-09-23,16.6,0.0,9.3,247.0,1020.7
2021-09-24,18.5,0.0,18.1,272.0,1015.4
2021-09-25,19.9,0.0,6.9,201.0,1018.3
2021-09-26,18.2,0.0,5.3,94.0,1018.8
2021-09-27,17.4,2.5,8.1,300.0,1017.5
2021-09-28,19.4,0.0,11.6,309.0,1020.2
2021-09-29,16.3,0.0,8.3,309.0,1020.1
2021-09-30,15.7,0.0,12.9,293.0,1026.7
2021-10-01,14.2,0.0,11.1,136.0,1025.1
2021-10-02,15.8,0.0,14.9,141.0,1019.1
2021-10-03,16.7,0.0,15.1,138.0,1013.7
2021-10-04,17.8,0.0,5.4,71.0,1015.9
2021-10-05,19.7,0.0,16.5,146.0,1012.6
2021-10-06,14.9,12.0,10.4,259.0,1017.5
2021-10-07,12.4,2.0,12.0,309.0,1024.3
2021-10-08,13.2,0.0,8.3,341.0,1027.5
2021-10-09,10.5,0.0,6.5,352.0,1029.5
2021-10-10,8.7,0.0,6.4,310.0,1027.9
2021-10-11,11.6,0.1,14.0,286.0,1023.3
2021-10-12,11.1,2.6,16.5,277.0,1018.0
2021-10-13,9.0,1.7,15.1,301.0,1020.5
2021-10-14,8.9,0.0,13.3,276.0,1025.5
2021-10-15,12.7,0.0,9.0,189.0,1020.3
2021-10-16,11.6,0.0,8.7,299.0,1021.1
2021-10-17,9.6,0.0,5.3,158.0,1022.3
2021-10-18,11.0,0.0,6.8,269.0,1026.2
2021-10-19,11.0,0.0,5.1,140.0,1026.5
2021-10-20,14.3,0.0,8.6,143.0,1018.1
2021-10-21,13.9,0.0,11.4,224.0,1008.3
2021-10-22,13.1,0.1,15.3,255.0,1016.7
2021-10-23,10.4,0.0,16.8,281.0,1026.1
2021-10-24,8.3,0.0,10.3,151.0,1031.9
2021-10-25,9.4,0.0,18.8,141.0,1025.7
2021-10-26,9.2,0.0,6.0,192.0,1024.3
2021-10-27,11.2,0.0,5.4,191.0,1027.6
2021-10-28,10.0,0.0,13.0,127.0,1025.3
2021-10-29,10.6,0.0,18.6,136.0,1020.2
2021-10-30,10.1,0.0,19.2,137.0,1016.4
2021-10-31,10.1,0.0,16.0,133.0,1015.0
2021-11-01,10.8,16.4,11.0,145.0,1006.1
2021-11-02,8.9,0.5,11.6,269.0,1004.4
2021-11-03,8.9,6.9,12.6,152.0,1005.8
2021-11-04,9.7,0.6,16.4,239.0,1005.4
2021-11-05,9.2,0.0,13.0,271.0,1021.8
2021-11-06,8.6,0.0,8.3,272.0,1029.8
2021-11-07,8.7,0.1,9.0,240.0,1021.1
2021-11-08,9.5,0.0,12.9,280.0,1022.1
2021-11-09,8.8,0.0,9.8,191.0,1029.9
2021-11-10,8.3,0.0,18.4,136.0,1028.7
2021-11-11,6.3,0.0,8.9,136.0,1026.1
2021-11-12,6.0,0.1,8.0,129.0,1023.3
2021-11-13,5.2,0.1,6.8,145.0,1019.3
2021-11-14,6.1,0.0,5.5,97.0,1023.1
2021-11-15,6.7,0.0,7.0,65.0,1027.3
2021-11-16,7.6,0.0,15.7,135.0,1025.2
2021-11-17,7.0,0.2,8.7,225.0,1022.9
2021-11-18,8.4,0.0,15.8,277.0,1028.5
2021-11-19,10.0,0.0,20.6,271.0,1027.7
2021-11-20,9.8,0.0,14.4,271.0,1025.0
2021-11-21,6.0,0.0,5.8,217.0,1014.2
2021-11-22,6.8,0.9,12.9,302.0,1018.4
2021-11-23,4.8,0.0,11.0,305.0,1028.5
2021-11-24,3.9,0.0,9.3,159.0,1025.0
2021-11-25,3.1,1.7,11.0,139.0,1012.7
2021-11-26,2.0,13.3,12.8,287.0,1002.0
2021-11-27,2.4,0.4,8.0,176.0,997.3
2021-11-28,2.2,3.9,10.1,289.0,997.4
2021-11-29,2.6,0.0,18.3,293.0,1002.8
2021-11-30,3.9,1.0,26.9,268.0,1008.7
2021-12-01,8.0,0.9,16.1,229.0,1004.6
2021-12-02,8.7,0.1,13.0,255.0,1000.7
2021-12-03,4.1,0.0,14.0,286.0,1012.7
2021-12-04,1.6,8.1,10.7,144.0,1007.4
2021-12-05,3.2,7.9,9.4,261.0,1005.6
2021-12-06,3.6,0.0,14.6,306.0,1011.9
2021-12-07,2.3,0.1,8.9,321.0,1014.2
2021-12-08,1.4,6.1,15.3,113.0,1007.6
2021-12-09,1.1,8.1,10.4,176.0,1006.1
2021-12-10,2.1,0.0,12.1,169.0,1003.7
2021-12-11,1.2,0.1,8.8,274.0,1013.5
2021-12-12,3.3,0.1,17.8,307.0,1025.8
2021-12-13,5.6,0.1,14.4,297.0,1027.3
2021-12-14,7.4,0.3,8.7,308.0,1028.3
2021-12-15,7.3,0.0,11.7,288.0,1031.7
2021-12-16,6.9,0.3,18.0,282.0,1033.7
2021-12-17,6.5,0.0,20.0,306.0,1034.3
2021-12-18,5.4,0.0,17.4,299.0,1034.7
2021-12-19,4.8,1.6,24.5,281.0,1023.2
2021-12-20,3.4,0.0,21.2,303.0,1022.1
2021-12-21,1.8,0.0,9.2,314.0,1026.5
2021-12-22,-0.3,0.0,6.8,316.0,1028.8
2021-12-23,-1.4,1.9,8.4,140.0,1019.9
2021-12-24,8.1,2.7,16.8,247.0,1006.3
2021-12-25,4.4,2.0,11.5,314.0,1008.6
2021-12-26,-1.6,0.0,8.0,48.0,1014.3
2021-12-27,0.3,0.0,9.3,113.0,1011.7
2021-12-28,0.9,7.3,11.9,133.0,1008.5
2021-12-29,4.2,1.9,7.9,237.0,1009.0
2021-12-30,8.6,0.9,7.0,258.0,1017.8
2021-12-31,14.7,0.0,15.3,262.0,1021.3
2022-01-01,13.6,0.0,18.6,276.0,1025.1
2022-01-02,8.3,0.0,5.1,193.0,1021.4
2022-01-03,11.8,0.7,20.6,268.0,1014.9
2022-01-04,9.6,0.5,8.0,191.0,1003.7
2022-01-05,8.3,0.0,16.8,277.0,1003.7
2022-01-06,3.9,0.0,19.4,283.0,1015.5
2022-01-07,0.3,0.0,8.8,156.0,1022.0
2022-01-08,-0.2,0.0,7.9,164.0,1015.6
2022-01-09,0.2,0.1,6.8,151.0,1005.8
2022-01-10,2.7,0.0,12.6,309.0,1016.9
2022-01-11,0.4,0.0,17.1,322.0,1032.4
2022-01-12,-1.4,0.0,14.4,311.0,1038.2
2022-01-13,2.8,0.0,17.7,278.0,1038.0
2022-01-14,7.3,0.0,22.5,285.0,1030.5
2022-01-15,5.1,0.0,11.7,307.0,1030.0
2022-01-16,1.6,0.0,11.2,175.0,1025.7
2022-01-17,4.9,6.2,30.3,279.0,1024.5
2022-01-18,3.6,0.0,16.0,302.0,1035.0
2022-01-19,2.1,0.0,6.7,183.0,1029.6
2022-01-20,3.5,2.7,22.5,272.0,1019.5
2022-01-21,0.8,0.3,24.5,293.0,1024.8
2022-01-22,2.4,4.1,20.1,308.0,1025.2
2022-01-23,2.5,7.6,10.2,327.0,1031.9
2022-01-24,1.7,1.0,6.5,77.0,1035.8
2022-01-25,2.6,0.0,9.8,268.0,1032.9
2022-01-26,3.2,0.0,15.3,281.0,1030.1
2022-01-27,5.2,0.9,20.2,267.0,1024.4
2022-01-28,5.3,1.0,27.5,285.0,1024.6
2022-01-29,4.8,5.7,19.7,268.0,1026.2
2022-01-30,8.0,0.0,32.6,283.0,1018.0
2022-01-31,5.0,0.3,16.8,263.0,1011.3
2022-02-01,3.8,5.4,20.1,293.0,1011.8
2022-02-02,5.6,3.0,26.6,283.0,1010.0
2022-02-03,6.2,0.0,12.8,246.0,1021.3
2022-02-04,6.6,0.2,7.9,243.0,1015.1
2022-02-05,6.9,0.5,17.1,272.0,1020.0
2022-02-06,6.7,0.0,14.0,223.0,1015.7
2022-02-07,6.8,7.9,27.1,283.0,1010.5
2022-02-08,5.8,0.0,24.8,284.0,1027.4
2022-02-09,9.9,0.0,16.5,274.0,1028.2
2022-02-10,8.4,0.0,8.2,228.0,1024.0
2022-02-11,7.8,2.0,14.9,272.0,1024.4
2022-02-12,5.1,0.0,12.0,312.0,1033.7
2022-02-13,4.1,0.0,15.1,145.0,1025.7
2022-02-14,3.5,0.0,11.7,139.0,1015.2
2022-02-15,4.9,0.5,7.3,256.0,1014.8
2022-02-16,9.1,1.0,12.3,216.0,1012.3
2022-02-17,12.5,4.1,24.4,251.0,1003.5
2022-02-18,10.6,1.0,15.2,239.0,1011.1
2022-02-19,9.9,0.0,22.2,267.0,1014.6
2022-02-20,8.3,0.0,17.0,238.0,1016.6
2022-02-21,9.7,0.3,16.3,241.0,1005.4
2022-02-22,7.2,1.0,19.8,284.0,1014.6
2022-02-23,9.0,2.0,18.9,283.0,1023.4
2022-02-24,8.1,0.0,9.6,147.0,1020.4
2022-02-25,7.6,0.0,15.3,276.0,1021.0
2022-02-26,5.1,0.0,16.1,310.0,1030.0
2022-02-27,4.4,0.0,11.4,335.0,1033.4
2022-02-28,2.4,0.0,14.9,336.0,1032.9
2022-03-01,2.5,0.0,10.2,312.0,1032.7
2022-03-02,3.8,0.0,9.8,318.0,1025.5
2022-03-03,3.6,0.0,7.9,322.0,1019.4
2022-03-04,2.4,0.0,12.4,321.0,1020.6
2022-03-05,3.0,0.0,10.7,336.0,1022.5
2022-03-06,1.6,0.0,10.3,325.0,1022.8
2022-03-07,1.4,0.0,16.7,319.0,1023.7
2022-03-08,4.0,0.0,12.1,315.0,1024.5
2022-03-09,5.6,0.0,12.1,307.0,1025.2
2022-03-10,4.8,0.0,11.3,345.0,1029.4
2022-03-11,1.0,0.0,14.1,123.0,1032.4
2022-03-12,2.4,0.0,18.8,131.0,1030.0
2022-03-13,5.2,0.0,17.9,130.0,1024.7
2022-03-14,8.1,0.0,12.1,148.0,1028.9
2022-03-15,9.8,0.7,9.3,131.0,1027.9
2022-03-16,9.8,4.4,15.1,298.0,1024.2
2022-03-17,9.0,0.0,8.7,127.0,1030.4
2022-03-18,8.0,0.0,7.5,129.0,1038.0
2022-03-19,7.2,0.0,9.3,32.0,1038.7
2022-03-20,6.3,0.0,14.7,130.0,1040.1
2022-03-21,7.1,0.0,13.4,136.0,1038.6
2022-03-22,9.6,0.0,9.2,137.0,1036.4
2022-03-23,12.3,0.0,7.6,154.0,1031.0
2022-03-24,13.7,0.0,8.6,315.0,1026.4
2022-03-25,12.7,0.0,6.6,329.0,1027.2
2022-03-26,13.4,0.0,8.2,293.0,1027.9
2022-03-27,13.1,0.0,7.4,358.0,1029.8
2022-03-28,14.0,0.0,5.8,175.0,1022.9
2022-03-29,16.5,0.0,12.0,266.0,1010.1
2022-03-30,13.5,0.0,8.9,1.0,1002.7
2022-03-31,9.1,8.1,10.5,332.0,997.2
2022-04-01,4.5,3.0,15.9,323.0,997.4
2022-04-02,2.6,4.3,19.2,318.0,1005.6
2022-04-03,2.9,2.0,19.3,311.0,1016.1
2022-04-04,5.4,0.0,11.5,238.0,1017.6
2022-04-05,8.5,3.6,20.9,253.0,1009.2
2022-04-06,14.6,0.2,11.2,201.0,1007.1
2022-04-07,15.3,2.0,15.4,258.0,999.0
2022-04-08,12.7,0.0,18.8,243.0,1000.3
2022-04-09,9.8,4.1,18.1,268.0,1003.2
2022-04-10,7.4,0.0,18.4,293.0,1017.6
2022-04-11,8.4,0.0,9.1,324.0,1021.8
2022-04-12,10.5,0.0,9.1,110.0,1019.6
2022-04-13,14.3,0.0,15.4,126.0,1019.2
2022-04-14,16.8,0.0,14.6,139.0,1018.3
2022-04-15,15.3,4.7,13.2,291.0,1020.2
2022-04-16,9.2,0.0,19.3,322.0,1026.7
2022-04-17,8.8,0.0,14.4,341.0,1027.0
2022-04-18,8.2,0.0,10.1,293.0,1018.5
2022-04-19,7.1,5.3,8.0,298.0,1013.2
2022-04-20,8.7,0.0,8.2,303.0,1015.1
2022-04-21,10.8,0.0,8.0,120.0,1011.4
2022-04-22,10.1,5.1,8.9,82.0,1007.2
2022-04-23,10.9,0.0,8.8,31.0,1007.3
2022-04-24,14.0,4.3,13.3,151.0,1001.3
2022-04-25,13.3,0.8,15.4,268.0,1007.5
2022-04-26,11.7,1.4,8.3,5.0,1015.3
2022-04-27,10.4,0.2,15.9,292.0,1021.0
2022-04-28,14.0,0.0,14.3,314.0,1025.6
2022-04-29,14.9,0.0,7.1,341.0,1026.7
2022-04-30,14.8,0.0,8.1,144.0,1021.5
2022-05-01,15.0,1.0,7.3,261.0,1019.3
2022-05-02,16.4,0.8,7.0,229.0,1016.5
2022-05-03,17.3,0.0,6.5,178.0,1014.3
2022-05-04,16.6,0.8,6.6,136.0,1016.4
2022-05-05,17.5,0.0,6.5,274.0,1018.7
2022-05-06,16.9,0.8,6.7,346.0,1020.8
2022-05-07,15.6,10.2,8.5,327.0,1021.2
2022-05-08,17.5,0.0,6.9,326.0,1022.1
2022-05-09,18.6,0.0,8.4,326.0,1024.1
2022-05-10,19.1,0.0,5.8,329.0,1021.8
2022-05-11,21.9,0.0,8.0,198.0,1017.0
2022-05-12,23.8,0.0,13.3,250.0,1016.1
2022-05-13,20.9,8.6,13.0,256.0,1017.7
2022-05-14,19.8,0.0,11.3,294.0,1019.6
2022-05-15,20.5,0.0,7.3,331.0,1019.1
2022-05-16,21.3,0.0,6.7,117.0,1018.0
2022-05-17,19.5,6.0,18.5,285.0,1018.0
2022-05-18,17.7,0.0,9.4,12.0,1025.7
2022-05-19,19.6,0.0,13.2,140.0,1024.7
2022-05-20,23.9,0.0,7.6,215.0,1020.2
2022-05-21,23.1,10.3,18.3,274.0,1016.6
2022-05-22,19.8,0.0,11.4,321.0,1015.4
2022-05-23,19.2,0.0,12.6,115.0,1009.8
2022-05-24,19.4,1.3,9.3,132.0,1007.9
2022-05-25,17.8,2.3,11.1,287.0,1014.6
2022-05-26,20.3,0.0,11.8,269.0,1019.3
2022-05-27,20.6,1.6,13.8,270.0,1018.0
2022-05-28,16.7,0.2,14.8,299.0,1016.0
2022-05-29,15.3,0.5,12.9,289.0,1013.9
2022-05-30,16.1,0.0,12.5,282.0,1011.8
2022-05-31,16.8,0.0,13.7,285.0,1013.6
2022-06-01,17.2,11.2,13.0,291.0,1015.0
2022-06-02,18.9,8.9,13.0,269.0,1015.4
2022-06-03,22.5,0.0,13.8,117.0,1018.2
2022-06-04,22.9,0.0,13.4,287.0,1015.6
2022-06-05,22.2,7.1,11.8,59.0,1016.5
2022-06-06,20.7,19.6,12.4,288.0,1016.5
2022-06-07,19.1,7.5,11.6,297.0,1013.5
2022-06-08,19.4,4.4,10.1,331.0,1010.2
2022-06-09,17.1,0.5,22.5,290.0,1009.3
2022-06-10,17.2,14.5,25.4,300.0,1018.9
2022-06-11,21.6,0.0,14.8,331.0,1021.0
2022-06-12,22.1,0.0,9.5,318.0,1019.9
2022-06-13,19.1,4.0,14.9,297.0,1016.3
2022-06-14,19.5,0.0,8.8,323.0,1021.1
2022-06-15,21.7,0.0,8.6,130.0,1019.5
2022-06-16,22.8,2.6,8.9,160.0,1017.1
2022-06-17,22.1,0.1,12.3,311.0,1021.2
2022-06-18,23.8,0.0,8.6,177.0,1021.0
2022-06-19,26.6,0.0,16.8,149.0,1013.5
2022-06-20,25.7,0.0,8.9,297.0,1008.9
2022-06-21,21.5,0.7,11.7,337.0,1013.5
2022-06-22,22.6,0.5,8.7,119.0,1012.3
2022-06-23,24.3,0.1,7.6,311.0,1013.4
2022-06-24,24.5,0.0,15.1,131.0,1010.9
2022-06-25,21.6,8.9,14.8,261.0,1012.9
2022-06-26,24.7,0.0,6.9,139.0,1014.7
2022-06-27,28.2,0.0,13.8,138.0,1013.7
2022-06-28,26.4,0.6,11.4,277.0,1017.1
2022-06-29,26.8,0.2,9.0,90.0,1013.2
2022-06-30,26.2,0.0,8.9,289.0,1011.7
2022-07-01,25.5,0.0,12.6,245.0,1012.8
2022-07-02,20.9,2.5,15.9,317.0,1022.7
2022-07-03,23.9,0.0,6.2,351.0,1019.0
2022-07-04,25.7,0.3,8.7,250.0,1016.7
2022-07-05,21.3,0.5,14.5,282.0,1017.6
2022-07-06,22.2,0.7,10.9,296.0,1019.2
2022-07-07,19.6,0.0,13.5,255.0,1019.0
2022-07-08,17.9,0.0,20.2,294.0,1023.0
2022-07-09,19.7,3.6,15.8,294.0,1022.9
2022-07-10,18.2,3.0,14.7,300.0,1019.1
2022-07-11,18.4,0.0,14.1,291.0,1020.5
2022-07-12,20.5,0.0,11.7,291.0,1021.8
2022-07-13,24.0,0.0,14.7,272.0,1020.8
2022-07-14,27.7,0.0,12.4,256.0,1016.0
2022-07-15,22.6,5.5,13.3,318.0,1017.2
2022-07-16,21.8,0.0,9.2,274.0,1019.3
2022-07-17,22.1,0.0,7.6,346.0,1024.8
2022-07-18,23.6,0.0,5.8,134.0,1024.3
2022-07-19,26.0,0.0,6.2,144.0,1021.1
2022-07-20,28.2,0.0,10.6,151.0,1018.6
2022-07-21,29.0,0.0,10.2,243.0,1016.9
2022-07-22,28.6,0.0,10.2,314.0,1017.0
2022-07-23,28.8,0.0,11.4,273.0,1014.7
2022-07-24,26.9,0.0,11.9,327.0,1018.4
2022-07-25,28.1,0.0,11.1,132.0,1013.4
2022-07-26,24.3,5.1,15.6,270.0,1012.2
2022-07-27,22.4,0.1,6.9,278.0,1014.3
2022-07-28,22.9,0.0,8.3,22.0,1016.2
2022-07-29,23.7,3.1,7.7,6.0,1015.1
2022-07-30,20.8,3.7,16.5,271.0,1014.5
2022-07-31,22.6,0.0,18.8,290.0,1015.1
2022-08-01,24.6,0.0,12.0,273.0,1014.5
2022-08-02,25.1,0.1,8.1,302.0,1017.4
2022-08-03,26.0,0.0,6.1,148.0,1017.4
2022-08-04,26.9,0.0,8.0,143.0,1015.7
2022-08-05,29.2,0.0,6.4,146.0,1012.6
2022-08-06,23.4,0.8,18.1,309.0,1019.1
2022-08-07,21.3,0.0,13.8,333.0,1021.3
2022-08-08,20.6,3.3,11.8,310.0,1021.6
2022-08-09,22.3,0.0,13.0,320.0,1023.0
2022-08-10,23.3,0.0,10.0,347.0,1023.4
2022-08-11,22.7,0.0,8.3,347.0,1021.0
2022-08-12,22.1,0.0,7.5,354.0,1018.5
2022-08-13,23.2,0.0,11.7,306.0,1014.3
2022-08-14,23.2,0.0,10.6,295.0,1010.0
2022-08-15,24.8,0.0,7.6,247.0,1006.0
2022-08-16,26.0,0.0,13.1,274.0,1009.1
2022-08-17,27.5,0.0,6.9,97.0,1010.2
2022-08-18,28.2,0.0,7.5,103.0,1009.2
2022-08-19,25.7,1.2,9.9,213.0,1009.3
2022-08-20,22.0,0.1,18.1,276.0,1012.7
2022-08-21,19.0,1.7,20.3,294.0,1013.0
2022-08-22,16.9,17.0,17.9,300.0,1012.9
2022-08-23,18.0,9.7,17.2,282.0,1015.1
2022-08-24,22.0,0.6,12.7,300.0,1018.1
2022-08-25,24.0,2.4,7.5,339.0,1016.4
2022-08-26,24.9,0.0,7.0,221.0,1012.3
2022-08-27,24.3,5.6,9.4,271.0,1011.5
2022-08-28,21.3,8.9,12.3,277.0,1014.5
2022-08-29,22.4,0.0,11.6,304.0,1018.2
2022-08-30,22.4,0.0,6.9,332.0,1019.1
2022-08-31,20.1,0.2,8.5,334.0,1018.4
2022-09-01,19.0,0.0,12.3,333.0,1018.8
2022-09-02,18.2,0.0,7.8,1.0,1018.3
2022-09-03,19.0,0.0,8.8,98.0,1015.8
2022-09-04,20.3,3.3,6.0,142.0,1019.7
2022-09-05,20.8,0.0,6.4,122.0,1023.0
2022-09-06,21.2,0.0,6.1,58.0,1019.5
2022-09-07,22.0,0.0,6.2,122.0,1016.0
2022-09-08,21.1,2.3,11.5,188.0,1011.4
2022-09-09,18.9,1.8,7.3,262.0,1014.7
2022-09-10,18.0,1.4,15.8,273.0,1014.7
2022-09-11,17.5,6.1,18.0,273.0,1015.4
2022-09-12,18.3,0.0,11.1,298.0,1016.7
2022-09-13,18.7,0.0,5.9,169.0,1013.2
2022-09-14,20.4,0.8,6.0,202.0,1007.3
2022-09-15,20.7,30.0,15.3,253.0,1005.1
2022-09-16,16.8,2.3,13.2,271.0,1008.5
2022-09-17,12.5,0.4,18.7,281.0,1009.4
2022-09-18,12.1,6.6,22.8,271.0,1012.0
2022-09-19,11.2,6.1,20.8,270.0,1014.1
2022-09-20,11.6,3.7,17.6,280.0,1019.6
2022-09-21,12.1,0.0,14.9,294.0,1024.3
2022-09-22,12.5,0.1,10.0,299.0,1023.6
2022-09-23,12.2,0.0,6.2,143.0,1020.7
2022-09-24,12.9,0.0,5.2,86.0,1015.2
2022-09-25,14.2,0.0,5.7,109.0,1012.4
2022-09-26,15.3,0.8,10.4,256.0,1007.8
2022-09-27,12.7,3.0,10.8,246.0,1002.0
2022-09-28,13.2,0.0,10.7,219.0,1001.3
2022-09-29,12.8,0.5,8.2,307.0,1003.9
2022-09-30,13.4,3.0,6.9,317.0,1010.6
2022-10-01,14.8,0.0,10.3,255.0,1013.8
2022-10-02,14.7,2.0,18.4,267.0,1017.6
2022-10-03,14.1,0.0,21.8,292.0,1020.8
2022-10-04,14.4,0.0,14.6,288.0,1023.1
2022-10-05,14.0,0.0,7.2,152.0,1024.7
2022-10-06,17.7,0.0,5.9,270.0,1027.8
2022-10-07,16.6,0.0,10.4,136.0,1026.3
2022-10-08,16.3,0.0,5.7,170.0,1020.5
2022-10-09,14.7,0.0,10.8,354.0,1025.6
2022-10-10,13.7,0.0,13.1,130.0,1021.8
2022-10-11,15.4,1.0,6.8,314.0,1023.2
2022-10-12,14.2,0.0,5.4,22.0,1025.0
2022-10-13,13.9,0.0,5.0,137.0,1022.3
2022-10-14,14.0,3.0,5.9,187.0,1018.5
2022-10-15,14.2,3.0,8.3,148.0,1014.9
2022-10-16,15.3,0.0,6.6,130.0,1021.3
2022-10-17,16.9,0.0,11.8,127.0,1027.4
2022-10-18,16.5,0.0,5.7,151.0,1026.6
2022-10-19,15.6,0.0,12.8,314.0,1025.7
2022-10-20,10.9,0.0,11.7,101.0,1025.0
2022-10-21,11.4,0.0,13.0,119.0,1018.1
2022-10-22,12.1,1.6,7.3,243.0,1017.7
2022-10-23,13.8,0.0,6.5,116.0,1020.1
2022-10-24,15.0,6.3,5.1,166.0,1017.4
2022-10-25,16.8,0.0,9.6,272.0,1019.2
2022-10-26,12.2,0.2,4.5,202.0,1022.3
2022-10-27,14.1,0.0,4.4,123.0,1028.2
2022-10-28,12.5,0.3,5.3,141.0,1028.5
2022-10-29,13.1,0.0,4.3,166.0,1026.2
2022-10-30,12.4,0.0,3.8,149.0,1023.5
2022-10-31,12.3,0.0,4.5,133.0,1022.4
2022-11-01,12.2,0.3,5.7,129.0,1020.8
2022-11-02,14.6,0.1,9.4,281.0,1023.8
2022-11-03,13.1,0.0,13.7,131.0,1019.1
2022-11-04,10.8,7.1,13.5,197.0,1007.5
2022-11-05,10.2,0.0,18.7,299.0,1015.8
2022-11-06,9.5,0.0,9.3,333.0,1020.1
2022-11-07,10.4,0.5,7.0,197.0,1019.3
2022-11-08,8.3,0.0,5.3,152.0,1019.4
2022-11-09,8.6,0.1,5.7,165.0,1018.6
2022-11-10,10.4,0.0,9.6,266.0,1026.2
2022-11-11,10.8,0.0,6.4,236.0,1034.2
2022-11-12,10.6,0.0,5.9,303.0,1033.4
2022-11-13,7.7,0.1,10.7,127.0,1030.3
2022-11-14,7.7,0.0,13.6,136.0,1023.9
2022-11-15,8.2,0.1,8.3,126.0,1015.8
2022-11-16,8.5,1.9,7.8,16.0,1005.8
2022-11-17,8.3,0.0,5.8,16.0,1002.8
2022-11-18,5.5,3.3,8.9,350.0,1002.7
2022-11-19,0.4,1.0,7.4,29.0,1013.8
2022-11-20,3.1,0.5,5.1,166.0,1013.3
2022-11-21,6.2,0.4,8.8,216.0,1008.3
2022-11-22,4.4,0.5,10.0,135.0,1003.7
2022-11-23,5.4,7.1,12.9,296.0,1005.9
2022-11-24,6.9,10.5,13.7,287.0,1012.7
2022-11-25,8.0,0.0,7.0,245.0,1020.1
2022-11-26,8.5,0.8,14.1,280.0,1028.3
2022-11-27,6.8,0.0,7.1,313.0,1029.5
2022-11-28,4.6,0.0,17.1,140.0,1020.5
2022-11-29,3.8,0.0,15.3,141.0,1021.3
2022-11-30,3.3,0.0,6.2,20.0,1024.6
2022-12-01,3.2,0.0,7.2,341.0,1025.1
2022-12-02,1.3,2.2,8.7,69.0,1023.5
2022-12-03,3.5,0.0,16.1,135.0,1022.4
2022-12-04,4.8,0.0,17.1,136.0,1020.6
2022-12-05,4.7,0.3,9.6,157.0,1019.7
2022-12-06,5.1,4.1,15.2,267.0,1017.3
2022-12-07,5.8,0.1,14.5,262.0,1015.6
2022-12-08,4.3,0.0,6.9,165.0,1012.7
2022-12-09,3.9,5.9,7.9,104.0,1006.0
2022-12-10,3.5,0.8,14.8,312.0,1005.5
2022-12-11,1.5,1.0,20.1,305.0,1007.2
2022-12-12,-0.7,1.6,17.8,280.0,1011.3
2022-12-13,-1.7,0.0,8.6,140.0,1014.5
2022-12-14,-0.8,0.0,14.6,133.0,1006.9
2022-12-15,1.1,1.5,7.6,121.0,1008.8
2022-12-16,1.4,5.1,12.5,318.0,1008.5
2022-12-17,0.5,0.3,16.3,307.0,1024.5
2022-12-18,-2.3,0.0,8.4,41.0,1036.9
2022-12-19,-0.5,0.1,18.1,137.0,1034.3
2022-12-20,-0.4,0.0,14.7,140.0,1028.4
2022-12-21,0.6,0.3,7.5,160.0,1021.2
2022-12-22,2.3,1.0,7.6,170.0,1015.5
2022-12-23,8.2,2.3,7.7,209.0,1010.7
2022-12-24,11.3,4.1,15.1,260.0,1014.2
2022-12-25,9.1,0.2,7.2,148.0,1021.5
2022-12-26,7.6,0.0,7.4,197.0,1019.9
2022-12-27,9.0,0.0,18.5,268.0,1026.5
2022-12-28,3.8,0.0,5.2,144.0,1025.2
2022-12-29,2.4,0.0,5.8,140.0,1018.9
2022-12-30,3.5,0.0,5.9,164.0,1020.1
2022-12-31,6.0,0.5,5.7,167.0,1022.7
2023-01-01,6.4,0.0,4.0,137.0,1025.7
2023-01-02,5.6,0.3,6.2,185.0,1025.4
2023-01-03,7.5,0.0,8.0,273.0,1029.6
2023-01-04,7.8,0.6,7.1,226.0,1027.9
2023-01-05,12.4,5.1,22.8,266.0,1018.2
2023-01-06,10.2,0.0,9.8,237.0,1023.2
2023-01-07,9.9,0.0,8.9,178.0,1020.9
2023-01-08,4.7,0.0,8.1,157.0,1013.5
2023-01-09,6.1,1.0,12.2,246.0,1005.1
2023-01-10,7.1,2.5,22.3,304.0,1016.2
2023-01-11,5.7,0.0,9.1,224.0,1020.7
2023-01-12,10.3,0.1,13.4,247.0,1020.0
2023-01-13,8.1,1.2,8.2,199.0,1016.8
2023-01-14,8.7,0.0,13.8,236.0,1019.9
2023-01-15,6.4,9.9,10.7,170.0,1010.1
2023-01-16,5.3,0.0,10.5,176.0,1001.0
2023-01-17,4.3,2.0,8.2,153.0,991.4
2023-01-18,4.9,3.0,7.2,228.0,994.4
2023-01-19,3.3,0.0,16.1,297.0,1007.2
2023-01-20,1.3,0.1,16.4,305.0,1014.1
2023-01-21,0.8,5.3,18.5,310.0,1018.3
2023-01-22,0.9,6.6,13.9,301.0,1025.2
2023-01-23,2.6,0.3,13.1,316.0,1031.0
2023-01-24,3.5,0.0,12.5,322.0,1035.0
2023-01-25,3.1,0.0,8.6,337.0,1032.1
2023-01-26,1.6,0.5,6.6,52.0,1021.6
2023-01-27,1.0,1.8,13.3,319.0,1019.6
2023-01-28,0.4,3.9,16.5,311.0,1023.7
2023-01-29,0.2,0.0,12.1,311.0,1027.4
2023-01-30,2.7,0.3,22.1,257.0,1017.3
2023-01-31,4.9,0.0,25.5,284.0,1019.4
2023-02-01,5.8,2.0,27.7,271.0,1017.4
2023-02-02,4.4,9.9,22.7,276.0,1019.1
2023-02-03,5.6,8.9,24.2,272.0,1021.1
2023-02-04,3.6,1.7,27.2,309.0,1027.3
2023-02-05,-0.6,0.0,14.2,329.0,1037.7
2023-02-06,-2.2,0.0,9.1,325.0,1039.8
2023-02-07,-2.3,0.0,10.7,318.0,1041.5
2023-02-08,-1.4,0.0,8.0,79.0,1042.9
2023-02-09,-0.1,0.0,12.0,147.0,1038.9
2023-02-10,1.8,0.0,10.6,259.0,1037.9
2023-02-11,5.0,0.0,16.8,263.0,1034.3
2023-02-12,7.2,0.1,14.5,296.0,1037.0
2023-02-13,7.1,0.0,8.4,284.0,1038.7
2023-02-14,5.9,0.0,11.0,313.0,1037.0
2023-02-15,3.3,0.0,5.8,142.0,1033.2
2023-02-16,4.0,0.0,5.4,185.0,1028.5
2023-02-17,9.5,1.0,16.1,256.0,1023.6
2023-02-18,14.5,0.0,23.8,270.0,1019.0
2023-02-19,11.4,6.6,22.5,279.0,1019.1
2023-02-20,10.3,1.7,17.7,278.0,1022.6
2023-02-21,12.9,0.0,18.5,277.0,1017.7
2023-02-22,12.2,0.0,7.6,77.0,1016.8
2023-02-23,9.5,0.0,7.7,121.0,1014.7
2023-02-24,11.4,0.8,8.1,228.0,1006.8
2023-02-25,7.2,6.5,21.4,275.0,1002.4
2023-02-26,2.4,0.5,16.2,328.0,1013.6
2023-02-27,1.5,0.0,14.4,338.0,1024.8
2023-02-28,2.1,0.0,7.6,56.0,1028.7
2023-03-01,3.7,0.0,6.0,28.0,1026.4
2023-03-02,6.2,0.0,6.2,60.0,1021.7
2023-03-03,6.7,0.0,8.3,318.0,1019.4
2023-03-04,7.1,0.0,15.4,299.0,1017.9
2023-03-05,4.8,0.0,16.7,282.0,1014.5
2023-03-06,5.8,0.0,9.1,232.0,1008.0
2023-03-07,6.2,0.0,10.4,208.0,1004.1
2023-03-08,9.1,0.0,13.0,216.0,1001.5
2023-03-09,12.6,1.0,16.3,233.0,999.4
2023-03-10,11.5,0.0,11.3,236.0,996.9
2023-03-11,5.8,0.2,26.6,288.0,1004.1
2023-03-12,5.3,0.1,9.9,265.0,1015.9
2023-03-13,11.6,0.0,10.4,162.0,1011.0
2023-03-14,11.2,0.1,13.3,243.0,1001.1
2023-03-15,6.8,0.0,20.5,313.0,1013.6
2023-03-16,5.7,0.0,11.5,330.0,1023.6
2023-03-17,7.6,0.0,18.5,137.0,1020.4
2023-03-18,9.1,0.0,15.0,135.0,1017.3
2023-03-19,9.9,0.0,6.8,108.0,1016.9
2023-03-20,12.9,0.0,11.1,282.0,1018.2
2023-03-21,13.9,0.0,10.3,288.0,1016.8
2023-03-22,14.8,0.0,6.7,173.0,1013.9
2023-03-23,15.5,0.0,5.8,158.0,1012.2
2023-03-24,15.8,0.3,7.9,173.0,1009.5
2023-03-25,12.7,1.5,21.5,265.0,1010.2
2023-03-26,12.3,0.0,14.1,247.0,1007.5
2023-03-27,7.8,3.5,22.9,299.0,1006.6
2023-03-28,4.5,0.2,22.7,301.0,1021.7
2023-03-29,5.9,0.0,7.5,195.0,1023.3
2023-03-30,10.7,2.0,8.1,179.0,1015.7
2023-03-31,14.0,0.3,13.1,229.0,1007.3
2023-04-01,12.6,0.0,20.8,271.0,1003.8
2023-04-02,9.4,5.1,18.0,294.0,1012.1
2023-04-03,5.4,0.0,20.1,332.0,1023.5
2023-04-04,3.4,0.0,20.0,332.0,1024.1
2023-04-05,3.2,0.0,13.1,323.0,1023.1
2023-04-06,6.1,0.0,14.1,307.0,1020.3
2023-04-07,7.2,0.0,12.3,319.0,1017.4
2023-04-08,4.7,7.1,7.4,334.0,1021.1
2023-04-09,7.0,1.0,8.1,295.0,1024.8
2023-04-10,10.0,0.0,9.1,297.0,1024.5
2023-04-11,9.4,1.9,10.8,236.0,1015.4
2023-04-12,10.8,0.0,8.9,181.0,1010.5
2023-04-13,9.6,7.9,11.8,278.0,1006.7
2023-04-14,4.9,43.9,20.3,279.0,1003.6
2023-04-15,6.5,15.0,9.8,223.0,1006.3
2023-04-16,9.0,0.4,8.6,283.0,1016.4
2023-04-17,11.9,0.1,17.4,302.0,1018.0
2023-04-18,11.9,0.4,15.6,321.0,1019.2
2023-04-19,10.3,5.3,13.7,308.0,1018.0
2023-04-20,11.0,0.0,7.7,75.0,1016.8
2023-04-21,14.7,0.0,8.3,106.0,1015.9
2023-04-22,15.9,0.0,10.6,142.0,1013.4
2023-04-23,16.9,0.0,10.6,140.0,1009.9
2023-04-24,13.5,5.3,14.7,263.0,1006.7
2023-04-25,11.8,0.3,17.8,288.0,1009.6
2023-04-26,9.7,0.0,14.3,307.0,1016.5
2023-04-27,10.9,0.0,6.1,10.0,1020.2
2023-04-28,12.6,1.0,10.6,141.0,1018.0
2023-04-29,15.0,7.9,7.3,221.0,1014.0
2023-04-30,14.1,0.0,13.7,326.0,1019.5
2023-05-01,14.4,0.0,13.2,123.0,1017.9
2023-05-02,14.9,1.4,13.0,272.0,1018.8
2023-05-03,13.9,0.5,14.3,331.0,1023.9
2023-05-04,14.3,0.0,10.4,326.0,1023.0
2023-05-05,16.5,0.0,6.8,133.0,1019.0
2023-05-06,17.5,1.0,8.1,218.0,1016.5
2023-05-07,15.2,0.0,9.9,337.0,1019.2
2023-05-08,11.7,0.0,11.1,352.0,1024.3
2023-05-09,13.2,0.0,14.2,109.0,1021.6
2023-05-10,15.4,0.0,18.5,138.0,1014.8
2023-05-11,15.8,0.0,12.2,124.0,1015.5
2023-05-12,11.9,13.0,12.1,99.0,1017.8
2023-05-13,12.3,2.0,12.0,110.0,1020.4
2023-05-14,11.5,14.2,9.6,72.0,1017.2
2023-05-15,14.2,1.1,12.8,277.0,1010.1
2023-05-16,14.0,16.7,12.1,291.0,1012.0
2023-05-17,10.5,30.0,20.6,309.0,1017.4
2023-05-18,10.6,0.0,16.2,316.0,1023.6
2023-05-19,13.9,0.0,9.0,43.0,1023.0
2023-05-20,18.2,0.0,7.9,75.0,1020.0
2023-05-21,20.7,0.0,7.6,117.0,1016.7
2023-05-22,21.6,0.0,6.9,123.0,1014.4
2023-05-23,20.6,0.4,10.8,251.0,1012.1
2023-05-24,17.9,0.0,12.9,317.0,1017.0
2023-05-25,17.5,0.0,10.7,332.0,1021.4
2023-05-26,19.0,0.0,13.3,327.0,1022.1
2023-05-27,18.4,0.0,14.0,335.0,1022.6
2023-05-28,18.3,0.0,7.2,349.0,1018.3
2023-05-29,19.7,0.0,8.4,319.0,1017.2
2023-05-30,19.7,0.0,11.5,324.0,1018.9
2023-05-31,19.8,0.0,9.5,341.0,1020.5
2023-06-01,21.6,0.0,5.8,329.0,1016.3
2023-06-02,21.7,0.0,10.6,308.0,1013.5
2023-06-03,18.1,0.0,10.4,14.0,1019.0
2023-06-04,17.7,0.0,8.7,88.0,1019.0
2023-06-05,18.1,7.1,9.4,127.0,1018.9
2023-06-06,18.5,52.1,6.6,334.0,1016.4
2023-06-07,18.8,0.1,8.3,286.0,1016.5
2023-06-08,19.0,25.9,7.2,287.0,1015.0
2023-06-09,19.4,0.0,9.2,286.0,1013.1
2023-06-10,19.5,24.2,9.2,313.0,1013.0
2023-06-11,19.6,0.0,11.7,329.0,1015.2
2023-06-12,19.0,0.0,10.9,345.0,1016.5
2023-06-13,17.9,0.0,7.2,4.0,1014.5
2023-06-14,18.4,0.0,6.6,36.0,1014.6
2023-06-15,19.4,0.0,6.9,307.0,1016.3
2023-06-16,20.6,0.0,12.1,293.0,1014.7
2023-06-17,20.3,0.0,14.0,285.0,1014.4
2023-06-18,22.3,0.0,6.2,256.0,1014.7
2023-06-19,24.7,0.0,6.3,116.0,1014.6
2023-06-20,26.7,0.0,10.0,144.0,1014.2
2023-06-21,27.5,1.5,6.8,263.0,1015.4
2023-06-22,27.0,0.0,9.9,142.0,1016.3
2023-06-23,24.9,7.1,20.0,267.0,1015.3
2023-06-24,19.0,1.0,18.8,290.0,1021.5
2023-06-25,22.5,0.0,10.0,313.0,1018.9
2023-06-26,24.6,0.0,6.4,271.0,1015.4
2023-06-27,21.8,2.3,15.3,289.0,1015.4
2023-06-28,19.9,0.0,14.0,285.0,1016.5
2023-06-29,22.3,0.0,7.7,277.0,1016.0
2023-06-30,23.6,5.8,7.8,134.0,1010.3
2023-07-01,21.7,0.1,14.3,276.0,1008.4
2023-07-02,22.4,0.0,17.8,265.0,1009.2
2023-07-03,22.9,0.0,11.3,236.0,1013.1
2023-07-04,24.0,0.0,8.8,247.0,1014.7
2023-07-05,23.4,1.5,10.9,192.0,1013.6
2023-07-06,21.7,0.1,11.4,301.0,1017.9
2023-07-07,23.6,0.0,7.0,322.0,1020.9
2023-07-08,24.7,0.0,8.0,137.0,1020.5
2023-07-09,27.1,0.0,6.1,232.0,1020.2
2023-07-10,28.0,0.0,7.8,266.0,1018.2
2023-07-11,27.7,0.0,8.7,3.0,1016.7
2023-07-12,27.8,0.0,10.0,255.0,1011.9
2023-07-13,23.2,3.0,18.7,267.0,1014.9
2023-07-14,25.0,0.0,11.4,272.0,1017.2
2023-07-15,27.3,0.0,12.0,139.0,1013.3
2023-07-16,28.7,0.0,11.2,266.0,1013.2
2023-07-17,27.6,0.0,12.1,283.0,1016.8
2023-07-18,26.6,0.0,11.7,296.0,1018.3
2023-07-19,26.9,0.0,15.4,265.0,1011.6
2023-07-20,24.4,0.2,14.8,279.0,1011.5
2023-07-21,22.5,0.3,8.7,171.0,1010.9
2023-07-22,22.7,0.0,13.7,265.0,1014.8
2023-07-23,25.4,0.0,10.3,186.0,1014.3
2023-07-24,27.2,0.2,11.5,183.0,1007.3
2023-07-25,21.8,5.1,13.0,275.0,1004.8
2023-07-26,18.3,2.3,20.8,284.0,1009.4
2023-07-27,19.4,0.0,13.4,252.0,1014.0
2023-07-28,23.8,0.0,13.7,232.0,1009.8
2023-07-29,25.1,0.0,13.4,255.0,1011.3
2023-07-30,23.0,10.9,15.1,270.0,1012.4
2023-07-31,23.0,0.0,13.3,262.0,1013.6
2023-08-01,20.4,16.0,8.3,215.0,1006.7
2023-08-02,22.1,0.0,15.3,201.0,1005.9
2023-08-03,21.7,0.0,9.7,226.0,1006.7
2023-08-04,19.8,3.6,8.2,231.0,1011.8
2023-08-05,17.6,15.0,16.3,295.0,1008.6
2023-08-06,16.9,4.8,22.1,278.0,1004.7
2023-08-07,15.3,0.5,25.2,264.0,1011.5
2023-08-08,18.5,0.0,14.7,247.0,1017.1
2023-08-09,17.7,4.2,9.9,239.0,1017.2
2023-08-10,18.8,0.1,7.6,283.0,1020.9
2023-08-11,21.1,0.0,5.6,225.0,1022.6
2023-08-12,23.4,0.0,10.1,150.0,1020.5
2023-08-13,25.2,0.0,7.7,142.0,1018.5
2023-08-14,26.5,0.0,14.3,139.0,1017.8
2023-08-15,26.8,0.0,13.9,145.0,1017.2
2023-08-16,25.4,12.0,7.2,162.0,1018.2
2023-08-17,23.9,0.0,7.6,135.0,1017.9
2023-08-18,24.9,0.0,6.0,102.0,1017.1
2023-08-19,26.3,0.0,5.8,146.0,1018.0
2023-08-20,28.2,0.0,6.3,279.0,1019.8
2023-08-21,29.2,0.0,6.5,172.0,1020.1
2023-08-22,29.6,0.0,6.3,223.0,1017.7
2023-08-23,28.0,0.0,10.7,285.0,1017.1
2023-08-24,27.5,0.0,7.0,76.0,1016.5
2023-08-25,28.9,0.0,9.6,196.0,1011.6
2023-08-26,26.8,0.0,9.7,299.0,1010.9
2023-08-27,23.6,0.0,13.5,256.0,1008.7
2023-08-28,20.8,0.3,12.5,331.0,1007.0
2023-08-29,16.9,9.6,16.5,286.0,1005.1
2023-08-30,16.9,0.6,16.1,285.0,1007.9
2023-08-31,19.3,0.5,14.2,258.0,1012.6
2023-09-01,20.4,0.0,7.4,199.0,1017.3
2023-09-02,22.9,7.1,6.2,217.0,1019.2
2023-09-03,21.6,0.0,10.6,303.0,1023.2
2023-09-04,19.9,0.0,11.1,333.0,1026.8
2023-09-05,20.2,0.0,5.5,120.0,1025.1
2023-09-06,21.7,0.0,8.2,135.0,1023.0
2023-09-07,22.4,0.0,7.4,125.0,1022.9
2023-09-08,22.7,0.0,9.5,129.0,1021.3
2023-09-09,23.3,0.0,8.5,126.0,1019.3
2023-09-10,23.7,0.0,5.9,126.0,1018.3
2023-09-11,24.0,0.0,5.8,120.0,1015.2
2023-09-12,24.6,0.0,5.9,130.0,1013.0
2023-09-13,23.9,17.6,10.9,263.0,1013.5
2023-09-14,20.9,2.1,14.6,307.0,1018.5
2023-09-15,19.9,0.0,7.5,36.0,1020.7
2023-09-16,21.4,0.0,13.7,129.0,1018.0
2023-09-17,21.7,0.0,7.6,120.0,1017.1
2023-09-18,23.0,0.0,15.2,144.0,1012.4
2023-09-19,21.0,5.9,17.4,267.0,1013.4
2023-09-20,21.1,0.0,11.8,166.0,1015.2
2023-09-21,22.4,0.0,17.8,148.0,1006.6
2023-09-22,22.1,0.0,10.7,190.0,1004.3
2023-09-23,16.9,5.1,16.8,284.0,1014.3
2023-09-24,16.1,0.0,18.4,313.0,1023.5
2023-09-25,17.7,0.0,10.2,312.0,1025.1
2023-09-26,20.2,0.0,7.1,150.0,1023.4
2023-09-27,21.2,0.0,9.0,137.0,1022.2
2023-09-28,21.1,0.0,10.1,152.0,1020.2
2023-09-29,21.1,0.0,6.7,175.0,1020.6
2023-09-30,20.1,0.2,14.8,286.0,1022.8
2023-10-01,18.4,0.0,9.0,302.0,1025.7
2023-10-02,20.4,0.0,7.3,172.0,1024.2
2023-10-03,20.4,0.0,8.2,148.0,1019.1
2023-10-04,18.7,0.0,15.5,285.0,1026.1
2023-10-05,16.5,0.0,8.9,257.0,1025.5
2023-10-06,17.1,0.0,8.9,257.0,1026.4
2023-10-07,18.7,0.0,19.7,259.0,1021.9
2023-10-08,17.6,0.1,19.9,292.0,1021.9
2023-10-09,14.5,19.3,10.6,224.0,1021.5
2023-10-10,17.2,3.3,12.1,269.0,1021.0
2023-10-11,18.1,0.0,6.5,178.0,1020.2
2023-10-12,19.0,0.0,7.2,235.0,1017.5
2023-10-13,21.5,0.4,8.3,200.0,1016.8
2023-10-14,19.0,0.1,10.4,236.0,1011.1
2023-10-15,12.7,1.0,18.0,301.0,1017.2
2023-10-16,9.8,0.0,10.5,308.0,1022.7
2023-10-17,9.0,0.0,8.5,103.0,1021.2
2023-10-18,9.3,0.0,14.3,118.0,1015.3
2023-10-19,11.9,0.0,7.9,75.0,1002.0
2023-10-20,17.4,0.0,14.0,163.0,990.6
2023-10-21,20.0,0.0,10.0,200.0,998.6
2023-10-22,16.6,0.0,15.5,263.0,1009.1
2023-10-23,13.9,0.0,7.2,139.0,1015.7
2023-10-24,13.6,1.3,7.5,96.0,1007.6
2023-10-25,14.7,1.0,14.1,248.0,1003.1
2023-10-26,15.4,0.8,8.7,227.0,999.4
2023-10-27,12.3,23.9,13.4,275.0,995.3
2023-10-28,13.9,0.0,11.3,236.0,1005.5
2023-10-29,11.7,0.0,5.8,148.0,1008.2
2023-10-30,13.2,0.1,7.4,322.0,1007.5
2023-10-31,14.1,10.9,19.7,245.0,1004.4
2023-11-01,14.1,0.0,12.6,188.0,1011.1
2023-11-02,13.5,1.3,17.2,154.0,997.8
2023-11-03,9.7,27.9,16.1,256.0,989.1
2023-11-04,9.8,0.0,11.9,185.0,996.0
2023-11-05,11.4,11.9,10.0,217.0,989.7
2023-11-06,13.7,0.0,11.6,236.0,1008.4
2023-11-07,11.5,2.6,6.8,258.0,1015.9
2023-11-08,10.6,0.1,15.2,264.0,1018.7
2023-11-09,7.5,0.0,6.8,169.0,1013.6
2023-11-10,8.3,1.3,8.9,211.0,1006.5
2023-11-11,8.8,0.8,17.9,282.0,1005.0
2023-11-12,8.1,0.0,11.6,234.0,1010.5
2023-11-13,7.2,9.7,7.0,200.0,1012.6
2023-11-14,13.2,6.1,17.0,252.0,1008.9
2023-11-15,11.9,6.1,23.2,268.0,1012.4
2023-11-16,11.4,0.0,12.1,212.0,1015.7
2023-11-17,7.7,6.1,19.2,305.0,1012.6
2023-11-18,5.9,0.0,19.5,300.0,1024.2
2023-11-19,5.6,4.1,8.0,199.0,1017.2
2023-11-20,11.5,0.5,17.4,263.0,1012.3
2023-11-21,10.1,0.0,12.3,283.0,1013.0
2023-11-22,5.1,0.0,15.1,324.0,1023.8
2023-11-23,5.9,0.0,17.2,265.0,1021.9
2023-11-24,7.7,5.1,23.9,274.0,1004.0
2023-11-25,3.2,2.3,20.0,296.0,1003.2
2023-11-26,2.6,0.0,19.0,301.0,1011.7
2023-11-27,4.9,1.0,13.1,230.0,1008.5
2023-11-28,4.0,6.1,12.2,294.0,995.8
2023-11-29,1.5,0.5,12.4,271.0,1009.3
2023-11-30,0.7,0.1,6.9,90.0,1005.6
2023-12-01,1.2,6.1,6.9,342.0,1003.3
2023-12-02,0.5,22.1,18.0,311.0,1004.2
2023-12-03,-1.4,0.3,17.2,280.0,1023.5
2023-12-04,-1.9,0.0,14.1,142.0,1021.2
2023-12-05,-0.2,0.0,10.1,137.0,1014.9
2023-12-06,1.1,6.7,6.8,208.0,1015.9
2023-12-07,3.4,0.0,16.4,290.0,1020.6
2023-12-08,0.9,0.0,12.3,139.0,1018.5
2023-12-09,0.9,3.3,11.6,143.0,1017.5
2023-12-10,3.9,3.0,11.7,215.0,1011.9
2023-12-11,4.8,0.8,7.3,188.0,1009.5
2023-12-12,8.8,0.0,10.3,203.0,1010.5
2023-12-13,6.7,4.3,5.7,209.0,1002.8
2023-12-14,7.3,0.3,13.1,292.0,1011.6
2023-12-15,5.4,3.6,14.9,307.0,1030.9
2023-12-16,6.3,0.0,14.7,282.0,1040.0
2023-12-17,7.8,0.0,10.8,252.0,1038.9
2023-12-18,7.6,0.0,7.2,244.0,1033.7
2023-12-19,6.1,0.0,5.8,190.0,1025.1
2023-12-20,5.1,1.2,17.0,255.0,1015.2
2023-12-21,8.7,0.8,25.2,253.0,1003.8
2023-12-22,7.3,6.1,25.5,274.0,996.7
2023-12-23,5.5,38.1,25.5,285.0,1002.5
2023-12-24,9.7,1.2,29.2,271.0,1009.1
2023-12-25,14.1,0.3,23.5,260.0,1010.7
2023-12-26,12.6,0.0,18.8,255.0,1015.6
2023-12-27,9.7,0.0,10.1,223.0,1023.8
2023-12-28,4.9,0.0,6.1,162.0,1021.9
2023-12-29,7.8,0.0,7.2,214.0,1018.4
2023-12-30,10.6,0.0,12.4,244.0,1017.8
2023-12-31,4.3,0.0,6.4,199.0,1013.1
2024-01-01,6.5,5.6,15.8,273.0,1012.0
